ID,0,,,_____,,,,,,,,
title,,,,,,,,,,,,
Dimension,3,12,,_______ ____ _____,,,,______________data begin___data end __,,,,
data begin,,,,,,,,,,,,
,China,Japan,East Germany,Hungary,Australia,Sweden,Italy,Germany,France,UK,Soviet Uinon,USA
Gold,200,100,150,150,100,150,180,150,180,200,400,900
Silver,100,100,100,150,150,150,180,160,300,300,250,750
Bronze,100,100,100,150,150,150,200,300,300,320,350,650
data end,,,,,,,,,,,,
unit,medal,,,,,,,,,,,
,,,,,,,,,,,,
ID,1,,,____#______ _____img_110_0 png__10 ,,,,,,,,
title,Amount spent on consumer goods,,,,,,,,,,,
Dimension,4,6,,_______ ____ _____,,,,______________data begin___data end __,,,,
data begin,,,,,,,,,,,,
,Photographic,Toys,CDs,Perfumes,Tennis racquets,Personal stereos,,,,,,
Germany,145,145,140,145,150,145,,,,,,
Italy,155,158,150,150,152,146,,,,,,
France,165,158,159,143,143,144,,,,,,
Britain,172,165,162,160,153,153,,,,,,
data end,,,,,,,,,,,,
unit,thousand pounds sterling,,,,,,,,,,,
,,,,,,,,,,,,
ID,2,,,____#______ _____img_110_0 png__10 ,,,,,,,,
title,Incidents and Injuries per 100 Million PMT 2002,,,,,,,,,,,
Dimension,2,5,,_______ ____ _____,,,,______________data begin___data end __,,,,
data begin,,,,,,,,,,,,
,Commuter Rail,Heavy Rail,Light Rail,Bus,Demand Response,,,,,,,
Incidents,20,51,76,76,225,,,,,,,
Injuries,17,35,39,66,173,,,,,,,
data end,,,,,,,,,,,,
unit,per 100 Million PMT,,,,,,,,,,,
,,,,,,,,,,,,
ID,3,,,____#______ _____img_110_0 png__10 ,,,,,,,,
title,,,,,,,,,,,,
Dimension,5,3,,_______ ____ _____,,,,______________data begin___data end __,,,,
data begin,,,,,,,,,,,,
,Republic of Korea,Sweden,United Kingdom,,,,,,,,,
Recycle,69,25,0,,,,,,,,,
Incineration,9,20,2,,,,,,,,,
Underground,22,55,82,,,,,,,,,
Chemical teeatment,0,0,8,,,,,,,,,
Dumping at sea,0,0,8,,,,,,,,,
data end,,,,,,,,,,,,
unit,percent,,,,,,,,,,,
,,,,,,,,,,,,
ID,4,,,____#______ _____img_110_0 png__10 ,,,,,,,,
title,Highest level of education of women in someland,,,,,,,,,,,
Dimension,7,2,1,_______ ____ _____,,,,______________data begin___data end __,,,,
data begin,,,,,,,,,,,,
,1945,1995,,,,,,,,,,
No Schooling,35,0,,,,,,,,,,
Third Grade,35,0,,,,,,,,,,
Year6,15,0,,,,,,,,,,
Year9,19,10,,,,,,,,,,
Year12,4,20,,,,,,,,,,
First Degree,1,50,,,,,,,,,,
PostGeaduate,0,20,,,,,,,,,,
data end,,,,,,,,,,,,
unit,percent,,,,,,,,,,,
,,,,,,,,,,,,
ID,5,,,____#______ _____img_110_0 png__10 ,,,,,,,,
title,,,,,,,,,,,,
Dimension,6,2,1,_______ ____ _____,,,,______________data begin___data end __,,,,
data begin,,,,,,,,,,,,
,1985,2003,,,,,,,,,,
natural gas,13,23,,,,,,,,,,
coal,8,13,,,,,,,,,,
hydrogen,4,4,,,,,,,,,,
nuclear,22,17,,,,,,,,,,
oil,52,38,,,,,,,,,,
other number,1,4,,,,,,,,,,
data end,,,,,,,,,,,,
unit,percent,,,,,,,,,,,
,,,,,,,,,,,,
ID,6,,,____#______ _____img_110_0 png__10 ,,,,,,,,
title,,,,,,,,,,,,
Dimension,5,2,,_______ ____ _____,,,,______________data begin___data end __,,,,
data begin,,,,,,,,,,,,
,Medium Baked Potato,Macaroni,,,,,,,,,,
CARBOHYDRAT ES,35,52,,,,,,,,,,
PROTEIN,25,11,,,,,,,,,,
GLOCOSE,15,11,,,,,,,,,,
OTHER MUTRIENTS,15,5,,,,,,,,,,
SATURATED FAT,10,21,,,,,,,,,,
data end,,,,,,,,,,,,
unit,percent,,,,,,,,,,,
,,,,,,,,,,,,
ID,7,,,____#______ _____img_110_0 png__10 ,,,,,,,,
title,Total School Spending,,,,,,,,,,,
Dimension,5,3,1,_______ ____ _____,,,,______________data begin___data end __,,,,
data begin,,,,,,,,,,,,
,1981,1991,2001,,,,,,,,,
Insurance,2,3,8,,,,,,,,,
Teacher's salaries,40,50,45,,,,,,,,,
Furniture & equenment,15,5,23,,,,,,,,,
Resources e g  books,15,20,9,,,,,,,,,
Other workers'salaries,28,22,15,,,,,,,,,
data end,,,,,,,,,,,,
unit,percent,,,,,,,,,,,
,,,,,,,,,,,,
ID,9,,,_____,,,,,,,,
title,,,,,,,,,,,,
Dimension,4,7,1,_______ ____ _____,,,,______________data begin___data end __,,,,
data begin,,,,,,,,,,,,
,2000,2001,2002,2003,2004,2005,2006,,,,,
Mobile Phone Game,0,0,2,3 5,3 8,6,7,,,,,
Online Games,0,1,2,3,3 8,5,9,,,,,
Console Games,6,5,4 5,4 3,4 3,3 5,3 5,,,,,
Handheld Games,11,12 5,14,14 5,14 7,14 7,17 9,,,,,
data end,,,,,,,,,,,,
unit,billion dollar,,,,,,,,,,,
,,,,,,,,,,,,
ID,10,,,____#______ _____img_110_0 png__10 ,,,,,,,,
title,Amount spent on consumer goods,,,,,,,,,,,
Dimension,4,6,,_______ ____ _____,,,,______________data begin___data end __,,,,
data begin,,,,,,,,,,,,
,Photographic,Toys,CDs,Perfumes,Tennis racquets,Personal stereos,,,,,,
Germany,145,145,140,145,150,145,,,,,,
Italy,155,158,150,150,152,146,,,,,,
France,165,158,159,143,143,144,,,,,,
Britain,172,165,162,160,153,153,,,,,,
data end,,,,,,,,,,,,
unit,thousand pounds sterling,,,,,,,,,,,
,,,,,,,,,,,,
ID,11,,,____#______ _____img_110_0 png__10 ,,,,,,,,
title,Incidents and Injuries per 100 Million PMT 2002,,,,,,,,,,,
Dimension,2,5,,_______ ____ _____,,,,______________data begin___data end __,,,,
data begin,,,,,,,,,,,,
,Commuter Rail,Heavy Rail,Light Rail,Bus,Demand Response,,,,,,,
Incidents,20,51,76,76,225,,,,,,,
Injuries,17,35,39,66,173,,,,,,,
data end,,,,,,,,,,,,
unit,NO per 100 Million PMT,,,,,,,,,,,
,,,,,,,,,,,,
ID,12,,,_____,,,,,,,,
title,,,,,,,,,,,,
Dimension,3,12,,_______ ____ _____,,,,______________data begin___data end __,,,,
data begin,,,,,,,,,,,,
,China,Japan,East Germany,Hungary,Australia,Sweden,Italy,Germany,France,UK,Soviet Uinon,USA
Gold,200,100,150,150,100,150,180,150,180,200,400,900
Silver,100,100,100,150,150,150,180,160,300,300,250,750
Bronze,100,100,100,150,150,150,200,300,300,320,350,650
data end,,,,,,,,,,,,
unit,medal,,,,,,,,,,,
,,,,,,,,,,,,
ID,13,,,____#______ _____img_110_0 png__10 ,,,,,,,,
title,Proportion of population aged 65 and over,,,,,,,,,,,
Dimension,3,6,1,_______ ____ _____,,,,______________data begin___data end __,,,,
data begin,,,,,,,,,,,,
,1940,1960,1980,2000,2020,2040,,,,,,
Japan,5,3,3,4,8,27 5,,,,,,
Swedwn,7,8,14,16,19,25 5,,,,,,
USA,9,10,15,14,15,23,,,,,,
data end,,,,,,,,,,,,
unit,percent,,,,,,,,,,,
,,,,,,,,,,,,
ID,14,,,____#______ _____img_110_0 png__10 ,,,,,,,,
title,Internet Users as Percentage Of Pipulation,,,,,,,,,,,
Dimension,3,6,1,_______ ____ _____,,,,______________data begin___data end __,,,,
data begin,,,,,,,,,,,,
,1999,2001,2003,2005,2007,2009,,,,,,
USA,30,50,60,60,75,80,,,,,,
Canada,20,50,65,65,80,100,,,,,,
Mexico,10,30,35,40,45,50,,,,,,
data end,,,,,,,,,,,,
unit,percent,,,,,,,,,,,
,,,,,,,,,,,,
ID,15,,,____#______ _____img_110_0 png__10 ,,,,,,,,
title,Waste in tonnes,,,,,,,,,,,
Dimension,3,4,1,_______ ____ _____,,,,______________data begin___data end __,,,,
data begin,,,,,,,,,,,,
,2000,2005,2010,2015,,,,,,,,
company A,12,11,9,8,,,,,,,,
company B,8,10,7,3,,,,,,,,
company C,4,6,7,10,,,,,,,,
data end,,,,,,,,,,,,
unit,ton,,,,,,,,,,,
,,,,,,,,,,,,
ID,16,,,____#______ _____img_110_0 png__10 ,,,,,,,,
title,,,,,,,,,,,,
Dimension,5,3,,_______ ____ _____,,,,______________data begin___data end __,,,,
data begin,,,,,,,,,,,,
,Republic of Korea,Sweden,United Kingdom,,,,,,,,,
Recycle,69,25,0,,,,,,,,,
Incineration,9,20,2,,,,,,,,,
Underground,22,55,82,,,,,,,,,
Chemical teeatment,0,0,8,,,,,,,,,
Dumping at sea,0,0,8,,,,,,,,,
data end,,,,,,,,,,,,
unit,percent,,,,,,,,,,,
,,,,,,,,,,,,
ID,17,,,____#______ _____img_110_0 png__10 ,,,,,,,,
title,,,,,,,,,,,,
Dimension,3,3,,_______ ____ _____,,,,______________data begin___data end __,,,,
data begin,,,,,,,,,,,,
,San Diedo County,California,Worldwide,,,,,,,,,
Residential,60,39,8,,,,,,,,,
Industry,23,33,23,,,,,,,,,
Agriculture,17,28,69,,,,,,,,,
data end,,,,,,,,,,,,
unit,percent,,,,,,,,,,,
,,,,,,,,,,,,
ID,18,,,____#______ _____img_110_0 png__10 ,,,,,,,,
title,Customer service was:,,,,,,,,,,,
Dimension,5,2,1,_______ ____ _____,,,,______________data begin___data end __,,,,
data begin,,,,,,,,,,,,
,2005,2010,,,,,,,,,,
Excellent,5,28,,,,,,,,,,
Good,14,39,,,,,,,,,,
Satisfactory,45,17,,,,,,,,,,
Poor,21,12,,,,,,,,,,
Very poor,15,4,,,,,,,,,,
data end,,,,,,,,,,,,
unit,percent,,,,,,,,,,,
,,,,,,,,,,,,
ID,19,,,____#______ _____img_110_0 png__10 ,,,,,,,,
title,Internet Users as Percentage Of Pipulation,,,,,,,,,,,
Dimension,3,6,1,_______ ____ _____,,,,______________data begin___data end __,,,,
data begin,,,,,,,,,,,,
,1999,2001,2003,2005,2007,2009,,,,,,
USA,30,50,60,60,75,80,,,,,,
Canada,20,50,65,65,80,100,,,,,,
Mexico,10,30,35,40,45,50,,,,,,
data end,,,,,,,,,,,,
unit,percent,,,,,,,,,,,
,,,,,,,,,,,,
ID,20,,,____#______ _____img_110_0 png__10 ,,,,,,,,
title,Waste in tonnes,,,,,,,,,,,
Dimension,3,4,1,_______ ____ _____,,,,______________data begin___data end __,,,,
data begin,,,,,,,,,,,,
,2000,2005,2010,2015,,,,,,,,
company A,12,11,9,8,,,,,,,,
company B,8,10,7,3,,,,,,,,
company C,4,6,7,10,,,,,,,,
data end,,,,,,,,,,,,
unit,tonne,,,,,,,,,,,
,,,,,,,,,,,,
ID,21,,,____#______ _____img_110_0 png__10 ,,,,,,,,
title,Proportion of population aged 65 and over,,,,,,,,,,,
Dimension,3,6,1,_______ ____ _____,,,,______________data begin___data end __,,,,
data begin,,,,,,,,,,,,
,1940,1960,1980,2000,2020,2040,,,,,,
Japan,5,3,3,4,8,27 5,,,,,,
Swedwn,7,8,14,16,19,25 5,,,,,,
USA,9,10,15,14,15,23,,,,,,
data end,,,,,,,,,,,,
unit,percent,,,,,,,,,,,
,,,,,,,,,,,,
ID,22,,,____#______ _____img_110_0 png__10 ,,,,,,,,
title,,,,,,,,,,,,
Dimension,3,3,,_______ ____ _____,,,,______________data begin___data end __,,,,
data begin,,,,,,,,,,,,
,San Diedo County,California,Worldwide,,,,,,,,,
Residential,60,39,8,,,,,,,,,
Industry,23,33,23,,,,,,,,,
Agriculture,17,28,69,,,,,,,,,
data end,,,,,,,,,,,,
unit,percent,,,,,,,,,,,
,,,,,,,,,,,,
ID,23,,,____#______ _____img_110_0 png__10 ,,,,,,,,
title,,,,,,,,,,,,
Dimension,5,3,,_______ ____ _____,,,,______________data begin___data end __,,,,
data begin,,,,,,,,,,,,
,Republic of Korea,Sweden,United Kingdom,,,,,,,,,
Recycle,69,25,0,,,,,,,,,
Incineration,9,20,2,,,,,,,,,
Underground,22,55,82,,,,,,,,,
Chemical teeatment,0,0,8,,,,,,,,,
Dumping at sea,0,0,8,,,,,,,,,
data end,,,,,,,,,,,,
unit,percent,,,,,,,,,,,
,,,,,,,,,,,,
ID,24,,,____#______ _____img_110_0 png__10 ,,,,,,,,
title,Customer service was:,,,,,,,,,,,
Dimension,5,2,,_______ ____ _____,,,,______________data begin___data end __,,,,
data begin,,,,,,,,,,,,
,2005,2010,,,,,,,,,,
Excellent,5,28,,,,,,,,,,
Good,14,39,,,,,,,,,,
Satisfactory,45,17,,,,,,,,,,
Poor,21,12,,,,,,,,,,
Very poor,15,4,,,,,,,,,,
data end,,,,,,,,,,,,
unit,percent,,,,,,,,,,,
,,,,,,,,,,,,
ID,25,,,____#______ _____img_110_0 png__10 ,,,,,,,,
title,Acid level in mouth from consumption of sugars/honey,,,,,,,,,,,
Dimension,3,9,1,_______ ____ _____,,,,______________data begin___data end __,,,,
data begin,,,,,,,,,,,,
,0,5,10,15,20,25,30,35,40,,,
Frult sugar,7,4 4,5,5 3,5 5,6,6 7,7,7,,,
Gane sugar,7,3 5,4,4 5,4 5,4 8,5 4,6,7,,,
Honey,7,4 8,4 8,5 7,6 5,7,7,7,7,,,
data end,,,,,,,,,,,,
unit,minutes/Phlevel ,,,,,,,,,,,
,,,,,,,,,,,,
ID,26,,,____#______ _____img_110_0 png__10 ,,,,,,,,
title,Rates of smoking in Someland-men and women ,,,,,,,,,,,
Dimension,2,9,1,_______ ____ _____,,,,______________data begin___data end __,,,,
data begin,,,,,,,,,,,,
,1960,1965,1970,1975,1980,1985,1990,1995,2000,,,
Men,600,580,570,500,480,400,390,290,240,,,
Women,90,180,180,300,300,300,290,210,200,,,
data end,,,,,,,,,,,,
unit,per 1000 Peopl,,,,,,,,,,,
,,,,,,,,,,,,
ID,27,,,____#______ _____img_110_0 png__10 ,,,,,,,,
title,Highest level of education of women in someland,,,,,,,,,,,
Dimension,7,2,1,_______ ____ _____,,,,______________data begin___data end __,,,,
data begin,,,,,,,,,,,,
,1945,1995,,,,,,,,,,
No Schooling,35,0,,,,,,,,,,
Third Grade,35,0,,,,,,,,,,
Year6,15,0,,,,,,,,,,
Year9,19,10,,,,,,,,,,
Year12,4,20,,,,,,,,,,
First Degree,1,50,,,,,,,,,,
PostGeaduate,0,20,,,,,,,,,,
data end,,,,,,,,,,,,
unit,percent,,,,,,,,,,,
,,,,,,,,,,,,
ID,28,,,____#______ _____img_110_0 png__10 ,,,,,,,,
title,Hours of leisure time per year in Someland,,,,,,,,,,,
Dimension,6,7,1,_______ ____ _____,,,,______________data begin___data end __,,,,
data begin,,,,,,,,,,,,
,Teens,20s,30s,40,50s,60s,70s+,,,,,
Watching TV/vedios,1200,700,400,500,600,700,1100,,,,,
Socialising with 4 or less people,150,150,300,250,250,200,200,,,,,
Socialising with 4 or more people,350,350,50,50,25,25,25,,,,,
Individual exercise/sport,150,100,200,200,50,75,150,,,,,
Group exercise/sport,450,350,150,150,50,0,0,,,,,
Cinema,100,75,50,25,25,50,75,,,,,
data end,,,,,,,,,,,,
unit,hour,,,,,,,,,,,
,,,,,,,,,,,,
ID,29,,,____#______ _____img_110_0 png__10 ,,,,,,,,
title,,,,,,,,,,,,
Dimension,7,2,1,_______ ____ _____,,,,______________data begin___data end __,,,,
data begin,,,,,,,,,,,,
,1966,1996,,,,,,,,,,
Food,44,14,,,,,,,,,,
Cars,23,45,,,,,,,,,,
Petrol,9,8,,,,,,,,,,
Restaurants,7,14,,,,,,,,,,
Rurniture,10,8,,,,,,,,,,
Computers,1,10,,,,,,,,,,
Books,6,1,,,,,,,,,,
data end,,,,,,,,,,,,
unit,percent,,,,,,,,,,,
,,,,,,,,,,,,
ID,30,,,____#______ _____img_110_0 png__10 ,,,,,,,,
title,,,,,,,,,,,,
Dimension,3,5,1,_______ ____ _____,,,,______________data begin___data end __,,,,
data begin,,,,,,,,,,,,
,1970,1975,1980,1985,1990,,,,,,,
Hamburger,30,50,80,120,290,,,,,,,
Fish&Chips,80,100,150,200,500,,,,,,,
Pizza,300,280,210,300,210,,,,,,,
data end,,,,,,,,,,,,
unit,g/week,,,,,,,,,,,
,,,,,,,,,,,,
ID,31,,,____#______ _____img_110_0 png__10 ,,,,,,,,
title,Dubai Gold Sales 2002,,,,,,,,,,,
Dimension,1,12,1,_______ ____ _____,,,,______________data begin___data end __,,,,
data begin,,,,,,,,,,,,
,January,February,March,April,May,June,July,August,September,October,November,December
Sales,200,225,350,250,200,160,120,210,120,180,180,190
data end,,,,,,,,,,,,
unit,Millions of Dirhama,,,,,,,,,,,
,,,,,,,,,,,,
ID,32,,,____#______ _____img_110_0 png__10 ,,,,,,,,
title,Cinema attendance in the UK,,,,,,,,,,,
Dimension,4,5,1,_______ ____ _____,,,,______________data begin___data end __,,,,
data begin,,,,,,,,,,,,
,1990,1995,2000,2005,2010,,,,,,,
aged14-24,15,16,12,20,21,,,,,,,
aged24-34,24,28 5,22,32,32,,,,,,,
aged34-44,35,37,31 5,42,43,,,,,,,
aged44-54,36,40,38,47,51,,,,,,,
data end,,,,,,,,,,,,
unit,of age group,,,,,,,,,,,
,,,,,,,,,,,,
ID,33,,,____#______ _____img_110_0 png__10 ,,,,,,,,
title,visits to Australia by overseas residents,,,,,,,,,,,
Dimension,1,4,1,_______ ____ _____,,,,______________data begin___data end __,,,,
data begin,,,,,,,,,,,,
,1975,1985,1995,2005,,,,,,,,
Visits,9,15 5,24,31,,,,,,,,
data end,,,,,,,,,,,,
unit,million,,,,,,,,,,,
,,,,,,,,,,,,
ID,34,,,____#______ _____img_110_0 png__10 ,,,,,,,,
title,Global water use by sector,,,,,,,,,,,
Dimension,3,6,1,_______ ____ _____,,,,______________data begin___data end __,,,,
data begin,,,,,,,,,,,,
,1900,1920,1940,1960,1980,2000,,,,,,
Agriculture,500,700,1000,1700,2300,3000,,,,,,
Industrial,100,110,120,250,500,1300,,,,,,
Dmestic use,100,100,110,115,250,400,,,,,,
data end,,,,,,,,,,,,
unit,km3,,,,,,,,,,,
,,,,,,,,,,,,
ID,35,,,____#______ _____img_110_0 png__10 ,,,,,,,,
title,Wheat Exports 1985-1990(in millions of tonnes),,,,,,,,,,,
Dimension,3,6,1,_______ ____ _____,,,,______________data begin___data end __,,,,
data begin,,,,,,,,,,,,
,1985,1986,1987,1988,1989,1990,,,,,,
Australia,15,16,14,12,11,11,,,,,,
Canada,19,17,21,25,14,19,,,,,,
European Community,17,14,15,15,19,21,,,,,,
data end,,,,,,,,,,,,
unit,millions of tonnes,,,,,,,,,,,
,,,,,,,,,,,,
ID,36,,,____#______ _____img_110_0 png__10 ,,,,,,,,
title,,,,,,,,,,,,
Dimension,5,2,1,_______ ____ _____,,,,______________data begin___data end __,,,,
data begin,,,,,,,,,,,,
,1980,1990,,,,,,,,,,
oil,42,33,,,,,,,,,,
natural gas,26,25,,,,,,,,,,
coal,22,27,,,,,,,,,,
hydroelectric power,5,5,,,,,,,,,,
nuclear power,5,10,,,,,,,,,,
data end,,,,,,,,,,,,
unit,percent,,,,,,,,,,,
,,,,,,,,,,,,
ID,37,,,____#______ _____img_110_0 png__10 ,,,,,,,,
title,Channel one news viewing figures,,,,,,,,,,,
Dimension,4,12,1,_______ ____ _____,,,,______________data begin___data end __,,,,
data begin,,,,,,,,,,,,
,january,february,march,april,may,june,july,august,september,october,november,december
1pm,1 3,1 4,1 45,1 3,1 3,1 2,1 2,1 3,1 3,1 2,1 3,1 45
6pm,4 8,4 4,3 9,4 6,3 9,4 2,3 7,3 3,4,3 5,3 2,3 3
9:30pm,3 2,3 4,3 5,3 7,3 8,3,2 5,1 1,2 4,2 6,2 7,3
11pm,0,0,0,0,1 2,1 5,3 4,4 1,2 7,1 9,1 3,0 9
data end,,,,,,,,,,,,
unit,millions of viewers per day,,,,,,,,,,,
,,,,,,,,,,,,
ID,38,,,____#______ _____img_110_0 png__10 ,,,,,,,,
title,,,,,,,,,,,,
Dimension,5,4,,_______ ____ _____,,,,______________data begin___data end __,,,,
data begin,,,,,,,,,,,,
,New Zealand 1980,New Zealand 2010,Germany 1980,Germany 2010,,,,,,,,
Coal,56,150,28,28,,,,,,,,
Petroleum,11,2,22,27,,,,,,,,
Natural Gas,30,2,28,2,,,,,,,,
Nuclear,0,0,20,155,,,,,,,,
Hydro,30,46,7,2,,,,,,,,
data end,,,,,,,,,,,,
unit,units,,,,,,,,,,,
,,,,,,,,,,,,
ID,39,,,____#______ _____img_110_0 png__10 ,,,,,,,,
title,,,,,,,,,,,,
Dimension,6,2,1,_______ ____ _____,,,,______________data begin___data end __,,,,
data begin,,,,,,,,,,,,
,1950,2010,,,,,,,,,,
Housing,72 1,22,,,,,,,,,,
Food,11 2,34,,,,,,,,,,
Health care,2 4,4 5,,,,,,,,,,
education,6 6,6 3,,,,,,,,,,
Transportation,3 3,14,,,,,,,,,,
Other,4 4,19 2,,,,,,,,,,
data end,,,,,,,,,,,,
unit,percent,,,,,,,,,,,
,,,,,,,,,,,,
ID,40,,,____#______ _____img_110_0 png__10 ,,,,,,,,
title,International Tourist Arrivals,,,,,,,,,,,
Dimension,5,4,1,_______ ____ _____,,,,______________data begin___data end __,,,,
data begin,,,,,,,,,,,,
,1995,2000,2005,2010,,,,,,,,
Brazil,10,11,15,18,,,,,,,,
Egypt,9,12,17,20,,,,,,,,
Malaysia,22,25,30,40,,,,,,,,
France,31,60,68,88,,,,,,,,
USA,70,83,90,88,,,,,,,,
data end,,,,,,,,,,,,
unit,millions,,,,,,,,,,,
,,,,,,,,,,,,
ID,41,,,____#______ _____img_110_0 png__10 ,,,,,,,,
title,World population by region 1900 and 2000,,,,,,,,,,,
Dimension,6,2,,_______ ____ _____,,,,______________data begin___data end __,,,,
data begin,,,,,,,,,,,,
,1900 billion_,2000 billion,,,,,,,,,,
Asia,60,54,,,,,,,,,,
Europe(including Russia),25,14,,,,,,,,,,
North America,5,5,,,,,,,,,,
Aferica,4,10,,,,,,,,,,
Latin America,3,8,,,,,,,,,,
Others,3,3,,,,,,,,,,
data end,,,,,,,,,,,,
unit,percent,,,,,,,,,,,
,,,,,,,,,,,,
ID,42,,,____#______ _____img_110_0 png__10 ,,,,,,,,
title,Managing Finances,,,,,,,,,,,
Dimension,4,1,,_______ ____ _____,,,,______________data begin___data end __,,,,
data begin,,,,,,,,,,,,
,nothing,,,,,,,,,,,
Not at all organised,4,,,,,,,,,,,
Not very organised,20,,,,,,,,,,,
Fairly organised,55,,,,,,,,,,,
Very organised,21,,,,,,,,,,,
data end,,,,,,,,,,,,
unit,percent,,,,,,,,,,,
,,,,,,,,,,,,
ID,43,,,____#______ _____img_110_0 png__10 ,,,,,,,,
title,Number of visistors per month in summer 2013(in thousands),,,,,,,,,,,
Dimension,3,4,1,_______ ____ _____,,,,______________data begin___data end __,,,,
data begin,,,,,,,,,,,,
,June,July,August,September,,,,,,,,
British Museum,600,750,500,650,,,,,,,,
Science Museum,400,360,300,450,,,,,,,,
Natural History Museum,550,370,380,460,,,,,,,,
data end,,,,,,,,,,,,
unit,in thousands,,,,,,,,,,,
,,,,,,,,,,,,
ID,44,,,____#______ _____img_110_0 png__10 ,,,,,,,,
title,,,,,,,,,,,,
Dimension,4,1,,_______ ____ _____,,,,______________data begin___data end __,,,,
data begin,,,,,,,,,,,,
,nothing,,,,,,,,,,,
Car,45,,,,,,,,,,,
LRT(Light Rail Transit),35,,,,,,,,,,,
Bus,10,,,,,,,,,,,
Taxi,10,,,,,,,,,,,
data end,,,,,,,,,,,,
unit,percent,,,,,,,,,,,
,,,,,,,,,,,,
ID,45,,,____#______ _____img_110_0 png__10 ,,,,,,,,
title,Food Consumption in China 1985-2010_grams/persons/week),,,,,,,,,,,
Dimension,3,6,1,_______ ____ _____,,,,______________data begin___data end __,,,,
data begin,,,,,,,,,,,,
,1985,1990,1995,2000,2005,2010,,,,,,
Meat,110,140,170,190,200,200,,,,,,
Salt,490,440,350,300,250,200,,,,,,
Fish,600,700,700,700,750,850,,,,,,
data end,,,,,,,,,,,,
unit,grams/persons/week,,,,,,,,,,,
,,,,,,,,,,,,
ID,46,,,____#______ _____img_110_0 png__10 ,,,,,,,,
title,Population in the state of Oregon by County 1940-2000(in thousands),,,,,,,,,,,
Dimension,3,3,1,_______ ____ _____,,,,______________data begin___data end __,,,,
data begin,,,,,,,,,,,,
,1940,1970,2000,,,,,,,,,
Columbia,23,35,78,,,,,,,,,
Yamhill,30,45,90,,,,,,,,,
Washington,75,128,245,,,,,,,,,
data end,,,,,,,,,,,,
unit,in thousands,,,,,,,,,,,
,,,,,,,,,,,,
ID,47,,,____#______ _____img_110_0 png__10 ,,,,,,,,
title,Money spent on books,,,,,,,,,,,
Dimension,4,6,1,_______ ____ _____,,,,______________data begin___data end __,,,,
data begin,,,,,,,,,,,,
,1995,1997,1999,2001,2003,2005,,,,,,
Germany,80,85,90,88,85,96,,,,,,
France,55,55,60,69,70,65,,,,,,
Italy,50,55,50,55,58,52,,,,,,
Austra,30,35,40,40,60,62,,,,,,
data end,,,,,,,,,,,,
unit,$US dollars(million),,,,,,,,,,,
,,,,,,,,,,,,
ID,48,,,____#______ _____img_110_0 png__10 ,,,,,,,,
title,,,,,,,,,,,,
Dimension,6,3,1,_______ ____ _____,,,,______________data begin___data end __,,,,
data begin,,,,,,,,,,,,
,1980,1990,2000,,,,,,,,,
Higher Education,35,45,40,,,,,,,,,
K-12 education,25,20,18,,,,,,,,,
Transportation,16,6,22,,,,,,,,,
Health and human resources,14,20,10,,,,,,,,,
Enviramental services,4,5,8,,,,,,,,,
Other,6,4,1,,,,,,,,,
data end,,,,,,,,,,,,
unit,percent,,,,,,,,,,,
,,,,,,,,,,,,
ID,49,,,,,,,,,,,
title,Online sales for retail sectors in Canada,,,,,,,,,,,
Dimension,4,2,1,_______ ____ _____,,,,______________data begin___data end __,,,,
data begin,,,,,,,,,,,,
,2005,2010,,,,,,,,,,
Electronics&Appliance,35,30,,,,,,,,,,
Food&Beverage,22,32,,,,,,,,,,
Home Furnishings,25,15,,,,,,,,,,
Video Games,18,23,,,,,,,,,,
data end,,,,,,,,,,,,
unit,percent,,,,,,,,,,,
,,,,,,,,,,,,
ID,50,,,,,,,,,,,
title,,,,,,,,,,,,
Dimension,6,2,,_______ ____ _____,,,,______________data begin___data end __,,,,
data begin,,,,,,,,,,,,
,Female,Male,,,,,,,,,,
Craft or similar,3,24,,,,,,,,,,
Managerial and professional,29,36,,,,,,,,,,
General labourers,1,2,,,,,,,,,,
Clerical or related,31,6,,,,,,,,,,
Other manual,9,26,,,,,,,,,,
Other non-manual,27,6,,,,,,,,,,
data end,,,,,,,,,,,,
unit,percent,,,,,,,,,,,
,,,,,,,,,,,,
ID,51,,,,,,,,,,,
title,Percentage of tourists to Eland who visited Briton attractions,,,,,,,,,,,
Dimension,4,7,1,_______ ____ _____,,,,______________data begin___data end __,,,,
data begin,,,,,,,,,,,,
,1980,1985,1990,1995,2000,2005,2010,,,,,
Art Gallery,22,37,20,13,20,15,7,,,,,
Pavilion,24,28,40,48,35,33,31,,,,,
Pier,10,15,8,13,12,15,22,,,,,
Festival,30,27,25,25,27,27,26,,,,,
data end,,,,,,,,,,,,
unit,percent,,,,,,,,,,,
,,,,,,,,,,,,
ID,52,,,,,,,,,,,
title,Burnaby Public Library,,,,,,,,,,,
Dimension,2,4,1,_______ ____ _____,,,,______________data begin___data end __,,,,
data begin,,,,,,,,,,,,
,2011,2012,2013,2014,,,,,,,,
Men,3000,4000,10000,14000,,,,,,,,
Women,5000,8000,10000,8000,,,,,,,,
data end,,,,,,,,,,,,
unit,MUMBER OF BOOKS REDA,,,,,,,,,,,
,,,,,,,,,,,,
ID,53,,,,,,,,,,,
title,,,,,,,,,,,,
Dimension,5,2,,_______ ____ _____,,,,______________data begin___data end __,,,,
data begin,,,,,,,,,,,,
,Japan,Malaysia,,,,,,,,,,
Housing,21,34,,,,,,,,,,
Transport,20,10,,,,,,,,,,
Food,24,27,,,,,,,,,,
Health care,6,3,,,,,,,,,,
Other goods and services,29,26,,,,,,,,,,
data end,,,,,,,,,,,,
unit,percent,,,,,,,,,,,
,,,,,,,,,,,,
ID,55,,,,,,,,,,,
title,,,,,,,,,,,,
Dimension,6,3,,_______ ____ _____,,,,______________data begin___data end __,,,,
data begin,,,,,,,,,,,,
,Number of native speakers,Number of speakers as an additional language,Total number of speckers,,,,,,,,,
Mandarin Chinese,900,190,1090,,,,,,,,,
Hindi,370,120,490,,,,,,,,,
Spanish,350,70,420,,,,,,,,,
English,339,603,942,,,,,,,,,
Arabic,206,24,230,,,,,,,,,
Portuguese,203,10,213,,,,,,,,,
data end,,,,,,,,,,,,
unit,million,,,,,,,,,,,
,,,,,,,,,,,,
,,,,,,,,,,,,
ID,56,,,,,,,,,,,
title,Gross Domestic Product from IT and Service industry of the UK(as a of GDP),,,,,,,,,,,
Dimension,2,5,1,,,,,,,,,
data begin,,,,,,,,,,,,
,1992,1994,1996,1998,2000,,,,,,,
IT industry,6 8,8 2,7 8,12,15,,,,,,,
Service industry,4,6 8,7,7 8,8 2,,,,,,,
data end,,,,,,,,,,,,
unit,percent,,,,,,,,,,,
,,,,,,,,,,,,
ID,57,,,,,,,,,,,
title,,,,,,,,,,,,
Dimension,4,7,1,,,,,,,,,
data begin,,,,,,,,,,,,
,2000,2001,2002,2003,2004,2005,2006,,,,,
Mobile Phone Games,0,0,1,3,4,6,7,,,,,
Online Games,0,0 5,1,2 8,4,5 8,9,,,,,
Console Games,5 8,5 2,4,3 8,4 6,3 2,3,,,,,
Handheld Games,11,12 7,14 5,15,15 5,15,17 8,,,,,
data end,,,,,,,,,,,,
unit,billion dollars,,,,,,,,,,,
,,,,,,,,,,,,
ID,58,,,,,,,,,,,
title,,,,,,,,,,,,
Dimension,4,3,1,,,,,,,,,
data begin,,,,,,,,,,,,
,1950,2002,2050,,,,,,,,,
India,15,19,21,,,,,,,,,
China,26,24,19,,,,,,,,,
USA,10,8,8,,,,,,,,,
Japan,5,4,3,,,,,,,,,
data end,,,,,,,,,,,,
unit,percent,,,,,,,,,,,
,,,,,,,,,,,,
ID,59,,,,,,,,,,,
title,The graph below gives information about the preferred leisure activities of Australian children(What those lids are doing),,,,,,,,,,,
Dimension,2,5,,,,,,,,,,
data begin,,,,,,,,,,,,
,Skateboarding or rollerblading,Bike riding,WatchingTV or videos,Electronic or computer games,Art and craft,,,,,,,
Girls age 5-14,39,76,100,81,36,,,,,,,
Boys age 5-14,24,58,100,60,58,,,,,,,
data end,,,,,,,,,,,,
unit,percent,,,,,,,,,,,
,,,,,,,,,,,,
ID,60,,,,,,,,,,,
title,Percentage participation of men in senior development position,,,,,,,,,,,
Dimension,3,6,1,,,,,,,,,
data begin,,,,,,,,,,,,
,1980,1985,1990,1995,2000,2010,,,,,,
IBM,2,2,12,26,32,63,,,,,,
Microsoft,8,10,11,13,16,45,,,,,,
Apple,15,12,13,21,19,25,,,,,,
data end,,,,,,,,,,,,
unit,percent,,,,,,,,,,,
,,,,,,,,,,,,
ID,61,,,,,,,,,,,
title,Mobile Phone and Land Lines per 100 people,,,,,,,,,,,
Dimension,2,7,,,,,,,,,,
data begin,,,,,,,,,,,,
,Canada,US,Germany,Denmark,UK,Sweden,Italy,,,,,
Mobile Phone,38,49,70 5,81,82,89,90,,,,,
Land Lines,62,68,60,88,82,88,90,,,,,
data end,,,,,,,,,,,,
unit,Number of phones per 100 people,,,,,,,,,,,
,,,,,,,,,,,,
ID,62,,,,,,,,,,,
title,,,,,,,,,,,,
Dimension,3,12,,,,,,,,,,
data begin,,,,,,,,,,,,
,USA,Soviet Union,UK,France,Germany,Italy,Sweden,Australia,Hungary,East Germany,Japan,China
Gold,900,400,200,200,150,160,120,110,150,150,110,160
Silver,800,300,280,250,150,140,120,120,100,110,90,110
Bronze,600,300,220,250,200,150,120,130,150,100,120,90
data end,,,,,,,,,,,,
unit,medal,,,,,,,,,,,
,,,,,,,,,,,,
ID,63,,,,,,,,,,,
title,The number of houses built per year in the cities of Derby and Nottingham,,,,,,,,,,,
Dimension,2,10,1,,,,,,,,,
data begin,,,,,,,,,,,,
,2000,2001,2002,2003,2004,2005,2006,2007,2008,2009,,
Derby,40,45,75,120,120,120,120,120,275,345,,
Nottinggham,50,60,20,50,58,75,3,190,5,250,,
data end,,,,,,,,,,,,
unit,Number of Houses,,,,,,,,,,,
,,,,,,,,,,,,
ID,64,,,,,,,,,,,
title,TRANSPORT Modes in a European City 1960-2000,,,,,,,,,,,
Dimension,4,3,1,,,,,,,,,
data begin,,,,,,,,,,,,
,1960,1980,2000,,,,,,,,,
bus,17,25,15,,,,,,,,,
car,5,22,35,,,,,,,,,
bike,25,20,5,,,,,,,,,
foot,38,17,8,,,,,,,,,
data end,,,,,,,,,,,,
unit,percent,,,,,,,,,,,
,,,,,,,,,,,,
ID,65,,,,,,,,,,,
title,How sales have changed Global sales,,,,,,,,,,,
Dimension,3,4,1,,,,,,,,,
data begin,,,,,,,,,,,,
,2000,2001,2002,2003,,,,,,,,
Games Software,12,15,18,19,,,,,,,,
DVD/video,18 5,21,27,30 5,,,,,,,,
CDs,35,34,33,32,,,,,,,,
data end,,,,,,,,,,,,
unit,billion,,,,,,,,,,,
,,,,,,,,,,,,
ID,66,,,,,,,,,,,
title,Life expectancy at birth in 7 countries worldwide,,,,,,,,,,,
Dimension,7,3,,,,,,,,,,
data begin,,,,,,,,,,,,
,total,male,female,,,,,,,,,
Turkey,72,68,74,,,,,,,,,
Bangladesh,63,63,63,,,,,,,,,
Vietnam,71,67,73,,,,,,,,,
Canada,61,77,83,,,,,,,,,
Iran,68,67,72,,,,,,,,,
India,67,66,71 5,,,,,,,,,
United States,76 5,74,81,,,,,,,,,
data end,,,,,,,,,,,,
unit,Life expectancy at birth in Years,,,,,,,,,,,
,,,,,,,,,,,,
ID,67,,,,,,,,,,,
title,Waste disposal in four cities,,,,,,,,,,,
Dimension,4,4,,,,,,,,,,
data begin,,,,,,,,,,,,
,Landfill,Incineration,Recycling,Compositing,,,,,,,,
Toronto,74,10 5,8,7,,,,,,,,
Madrid,29,40,22,9,,,,,,,,
Kuaala Lumpur,16,55,22,7,,,,,,,,
Amman,49,38,10 5,2,,,,,,,,
data end,,,,,,,,,,,,
unit,percent,,,,,,,,,,,
,,,,,,,,,,,,
ID,68,,,,,,,,,,,
title,Australia telephone calls ,,,,,,,,,,,
Dimension,3,8,1,,,,,,,,,
data begin,,,,,,,,,,,,
,2001,2002,2003,2004,2005,2006,2007,2008,,,,
Local,72,78,85,89,90,84,79,72,,,,
National_International,38,41,45,48,50,55,60,61,,,,
Mobiles,2,5,7,9,12,23,39,46,,,,
data end,,,,,,,,,,,,
unit,category,,,,,,,,,,,
,,,,,,,,,,,,
ID,69,,,,,,,,,,,
title,,,,,,,,,,,,
Dimension,2,8,,,,,,,,,,
data begin,,,,,,,,,,,,
,North America,China,Other Asia Pacefic,India,Europe,Africa,Iatin America _Carbean,Rich Asia-Pacefic,,,,
Population,6,24,16,16,15,10,7,5,,,,
Global Wealth,34,2 5,2 5,1,30,1,4,24,,,,
data end,,,,,,,,,,,,
unit,percent,,,,,,,,,,,
,,,,,,,,,,,,
ID,70,,,,,,,,,,,
title,Estimated maximum population of Asian elephants,,,,,,,,,,,
Dimension,9,2,1,,,,,,,,,
data begin,,,,,,,,,,,,
,1997,2004,,,,,,,,,,
Vietnam,1200,1100,,,,,,,,,,
India,9900,7450,,,,,,,,,,
Malaysia,3000,1000,,,,,,,,,,
SriLanka,3000,2800,,,,,,,,,,
Cambodia,1200,1300,,,,,,,,,,
Laos,1100,1100,,,,,,,,,,
Myanmar,5200,4700,,,,,,,,,,
Theailand,3800,1200,,,,,,,,,,
China,1000,400,,,,,,,,,,
data end,,,,,,,,,,,,
unit,elephant,,,,,,,,,,,
,,,,,,,,,,,,
ID,72,,,,,,,,,,,
title,Research students,,,,,,,,,,,
Dimension,2,6,,,,,,,,,,
data begin,,,,,,,,,,,,
,linguistics,psychology,natural sciences,engineering,programming,mathemayics,,,,,,
female,110,170,200,90,75,40,,,,,,
male,85,200,200,150,150,200,,,,,,
data end,,,,,,,,,,,,
unit,student,,,,,,,,,,,
,,,,,,,,,,,,
ID,73,,,,,,,,,,,
title,International Tourist Arrivals(millions),,,,,,,,,,,
Dimension,5,4,1,,,,,,,,,
data begin,,,,,,,,,,,,
,1995,2000,2005,2010,,,,,,,,
Brazil,10,12,15,18,,,,,,,,
Egypt,10,13,18,21,,,,,,,,
Malaysia,21,25,34,48,,,,,,,,
France,31,62,70,90,,,,,,,,
USA,71,87,91,90,,,,,,,,
data end,,,,,,,,,,,,
unit,million,,,,,,,,,,,
,,,,,,,,,,,,
ID,74,,,,,,,,,,,
title,Consumption of Fast Food by Australian Teenagers,,,,,,,,,,,
Dimension,3,6,1,,,,,,,,,
data begin,,,,,,,,,,,,
,1975,1980,1985,1990,1995,2000,,,,,,
Pizza,4,12,24,58,84,84 5,,,,,,
Fish and Chips,100,84,96,65,44,38,,,,,,
Hamburgers,5,44,82,95,100,105,,,,,,
data end,,,,,,,,,,,,
unit,times eaten per year,,,,,,,,,,,
,,,,,,,,,,,,
ID,75,,,,,,,,,,,
title,Rates of smoking in someland - men and women,,,,,,,,,,,
Dimension,2,9,1,,,,,,,,,
data begin,,,,,,,,,,,,
,1960,1965,1970,1975,1980,1985,1990,1995,2000,,,
Men,600,585,560,500,480,400,390,295,250,,,
Women,95,190,195,310,310,300,290,220,200,,,
data end,,,,,,,,,,,,
unit,Per 1000 People,,,,,,,,,,,
,,,,,,,,,,,,
ID,76,,,,,,,,,,,
title,Wheat Exports 1985-1990(in millions of tonnes),,,,,,,,,,,
Dimension,3,6,1,,,,,,,,,
data begin,,,,,,,,,,,,
,1985,1986,1987,1988,1989,1990,,,,,,
Australia,15,16,14,12,11,11 5,,,,,,
Canada,19,17,21,25,14,19,,,,,,
European Community,17,14,15,15,18,21,,,,,,
data end,,,,,,,,,,,,
unit,million of tonnes,,,,,,,,,,,
,,,,,,,,,,,,
ID,78,,,,,,,,,,,
title,Average Household Expenditure by Major Category,,,,,,,,,,,
Dimension,6,2,1,,,,,,,,,
data begin,,,,,,,,,,,,
,1950,2010,,,,,,,,,,
Housing,72 1,22,,,,,,,,,,
Food,11 2,34,,,,,,,,,,
Health care,3 3,140,,,,,,,,,,
Education,6 6,6 3,,,,,,,,,,
Transportation,2 4,4 5,,,,,,,,,,
Other,4 4,19 2,,,,,,,,,,
data end,,,,,,,,,,,,
unit,percent,,,,,,,,,,,
,,,,,,,,,,,,
ID,79,,,,,,,,,,,
title,spending habits of people in UK between 1971 and 2001,,,,,,,,,,,
Dimension,2,7,0,,,,,,,,,
data begin,,,,,,,,,,,,
,Computers,Furniture,Restaurants,Petrol,Cars,Foods,Books,,,,,
1971,7,32,35,36,0,0,0,,,,,
2001,12,8,14,8,43,14,1,,,,,
data end,,,,,,,,,,,,
unit,percent,,,,,,,,,,,
,,,,,,,,,,,,
ID,80,,,,,,,,,,,
title,Highest level of education of women in someland-1945 and 1995,,,,,,,,,,,
Dimension,2,7,0,,,,,,,,,
data begin,,,,,,,,,,,,
,No Schooling,Third Grade,Year 6,Year 9,Year 12,First Degree,Post Geaduate,,,,,
1945,35,35,15,10,4,1,0,,,,,
1995,0,0,0,10,20,50,20,,,,,
data end,,,,,,,,,,,,
unit,percent,,,,,,,,,,,
,,,,,,,,,,,,
ID,81,,,,,,,,,,,
title,"main energy sources in the UnitedStates of America 1980&1990",,,,,,,,,,,
Dimension,2,5,0,,,,,,,,,
data begin,,,,,,,,,,,,
,oil,natural gas,coal,hydroelectric power,nuclear power,,,,,,,
1980,42,26,22,5,5,,,,,,,
1990,33,25,27,5,10,,,,,,,
data end,,,,,,,,,,,,
unit,percent,,,,,,,,,,,
,,,,,,,,,,,,
ID,82,,,,,,,,,,,
title,the UAE government�s spending in different sectors for the year 2000,,,,,,,,,,,
Dimension,1,10,,,,,,,,,,
data begin,,,,,,,,,,,,
,defence,industry agriculture&emplyment,education,law and order,health and personal social services,transport ,social security,housing herritage and environment,debtinterest,other expenditure,,
2000,22,13,38,17,53,9,100,15,23,23,,
data end,,,,,,,,,,,,
unit,billion,,,,,,,,,,,
,,,,,,,,,,,,
ID,84,,,,,,,,,,,
title,spending of a UK school in three different years with the 10 years interval starting from 1981,,,,,,,,,,,
Dimension,3,5,0,,,,,,,,,
data begin,,,,,,,,,,,,
,resources,furniture,teacher`s salaries,insurance,other workers` salaries,,,,,,,
1981,15,15,40,2,28,,,,,,,
1991,20,5,50,3,22,,,,,,,
2001,9,23,45,8,15,,,,,,,
data end,,,,,,,,,,,,
unit,percent,,,,,,,,,,,
,,,,,,,,,,,,
ID,85,,,,,,,,,,,
title,different family types that lived under poverty in the year 2001 in UK ,,,,,,,,,,,
Dimension,1,7,,,,,,,,,,
data begin,,,,,,,,,,,,
,single aged persons,aged couple,single without children,couple without children,sole parents,couple with children,all households,,,,,
2001,7,5,24,9,26,15,14,,,,,
data end,,,,,,,,,,,,
unit,percent,,,,,,,,,,,
,,,,,,,,,,,,
ID,87,,,,,,,,,,,
title,percentage of time adults spend in six areas including eating  developing hobbies  reading and socializing between 1998 and 2010 shopping  cooking ,,,,,,,,,,,
Dimension,2,6,0,,,,,,,,,
data begin,,,,,,,,,,,,
,shopping,cooking,developing,hobbies,reading,socializing,,,,,,
1998,10,7,6,15,13,23,,,,,,
2010,15,4,2,20,13,24,,,,,,
data end,,,,,,,,,,,,
unit,percent,,,,,,,,,,,
,,,,,,,,,,,,
ID,88,,,,,,,,,,,
title,different levels of qualification across the workforce of  an engineering company  in  1980  and  2008,,,,,,,,,,,
Dimension,2,6,0,,,,,,,,,
data begin,,,,,,,,,,,,
,ph D science,ph D art,masters degree science,masters degree art,first degree science,first degree art,,,,,,
1980,13,29,11,20,25,2,,,,,,
2008,30,7,29,13,10,11,,,,,,
data end,,,,,,,,,,,,
unit,percent,,,,,,,,,,,
,,,,,,,,,,,,
ID,90,,,,,,,,,,,
title,difference  in  the  percentage  of  sports  in outdoor school hours according to different genders ,,,,,,,,,,,
Dimension,2,5,,,,,,,,,,
data begin,,,,,,,,,,,,
,swimming,football,netball,basketball,no sports,,,,,,,
boy,13,20,2,8,4,,,,,,,
girl,16,4,18,7,5,,,,,,,
data end,,,,,,,,,,,,
unit,percent,,,,,,,,,,,
,,,,,,,,,,,,
ID,92,,,,,,,,,,,
title,reasons for immigants to a eurpean country in 2009 ,,,,,,,,,,,
Dimension,1,6,,,,,,,,,,
data begin,,,,,,,,,,,,
,accompany,study,look for job,definite job,no reason,other reasons,,,,,,
2009,15,7,13,38,4,23,,,,,,
data end,,,,,,,,,,,,
unit,percent,,,,,,,,,,,
,,,,,,,,,,,,
ID,93,,,,,,,,,,,
title,percentage of self-employees 1998 2008,,,,,,,,,,,
Dimension,2,5,0,,,,,,,,,
data begin,,,,,,,,,,,,
,russion federation,slovakia,czech republic,greece,turkery,,,,,,,
1998,7,8,12,46,55,,,,,,,
2008,9,12,14,35,38,,,,,,,
data end,,,,,,,,,,,,
unit,percent,,,,,,,,,,,
,,,,,,,,,,,,
ID,94,,,,,,,,,,,
title,percentage of internet users,,,,,,,,,,,
Dimension,2,7,0,,,,,,,,,
data begin,,,,,,,,,,,,
,shopping,banking,nooks,chatting,learning,vedio games,tv,,,,,
2007,42,25,27,25,30,15,10,,,,,
2009,55,45,30,28,25,20,18,,,,,
data end,,,,,,,,,,,,
unit,percent,,,,,,,,,,,
,,,,,,,,,,,,
ID,95,,,,,,,,,,,
title,energy production by different types of fuel in the UK,,,,,,,,,,,
Dimension,3,6,0,,,,,,,,,
data begin,,,,,,,,,,,,
,natual gas,oil,cool,nuclear power,hydid power,total,,,,,,
1990,76,56,22,40,0 4,212,,,,,,
1996,86,70,24,30,0 3,224,,,,,,
2000,94,60,23,35,0 5,228,,,,,,
data end,,,,,,,,,,,,
unit,million tones,,,,,,,,,,,
,,,,,,,,,,,,
ID,96,,,,,,,,,,,
title,numbers of both adults and children surveyed in a particular country during the period from 2001 to 2009,,,,,,,,,,,
Dimension,5,3,0,,,,,,,,,
data begin,,,,,,,,,,,,
,adult,children,total,,,,,,,,,
2001,36000,12000,48000,,,,,,,,,
2003,212000,36000,248000,,,,,,,,,
2005,332000,32000,364000,,,,,,,,,
2007,331000,31000,362000,,,,,,,,,
2009,270000,270000,540000,,,,,,,,,
data end,,,,,,,,,,,,
unit,,,,,,,,,,,,
,,,,,,,,,,,,
ID,97,,,,,,,,,,,
title,TV viewing habits of three different age groups in one European nation in the year of 2012 ,,,,,,,,,,,
Dimension,3,6,0,,,,,,,,,
data begin,,,,,,,,,,,,
,cartoons,feature films,news,soap operas,TV Dramas,sports,,,,,,
11-15,25,20,6,21,8,20,,,,,,
16-20,13,23,14,24,15,11,,,,,,
21-25,4,20,21,16,13,26,,,,,,
data end,,,,,,,,,,,,
unit,percent,,,,,,,,,,,
,,,,,,,,,,,,
ID,98,,,,,,,,,,,
title,percentages  of  various  kinds  of  vehicles  utilizing  a  major  road bridge in the United Kingdom in the year of 1965  1985 and 2005,,,,,,,,,,,
Dimension,3,4,0,,,,,,,,,
data begin,,,,,,,,,,,,
,private cars,public transport,lorries and other commercial vehicles,recreational vehicles,,,,,,,,
1965,47,29,20,4,,,,,,,,
1985,55,14,26,5,,,,,,,,
2005,74,5,12,9,,,,,,,,
data end,,,,,,,,,,,,
unit,percent,,,,,,,,,,,
,,,,,,,,,,,,
ID,99,,,,,,,,,,,
title,similarities  and differences in the teaching time spent by 3 kinds of teachers in 4 countries ,,,,,,,,,,,
Dimension,4,3,,,,,,,,,,
data begin,,,,,,,,,,,,
,primary,lower secondary,upper secondary,,,,,,,,,
japan,500,600,700,,,,,,,,,
spain,650,700,820,,,,,,,,,
iceland,700,750,790,,,,,,,,,
usa,1010,1030,1100,,,,,,,,,
data end,,,,,,,,,,,,
unit,hour,,,,,,,,,,,
,,,,,,,,,,,,
ID,100,,,,,,,,,,,
title,major reasons for students to choose a UK university,,,,,,,,,,,
Dimension,2,5,0,,,,,,,,,
data begin,,,,,,,,,,,,
,sports facilities,teachirf,how close to home,suitable level courses,resources,,,,,,,
1985,20,15,10,37,23,,,,,,,
2005,5,13,20,28,17,,,,,,,
data end,,,,,,,,,,,,
unit,percent,,,,,,s,,,,,
,,,,,,,,,,,,
ID,102,,,_____,,,,,,,,
title,numbers of people per household,,,,,,,,,,,
Dimension,6,2,1,_______ ____ _____,,,,______________data begin___data end __,,,,
data begin,,,,,,,,,,,,
,1995,2005,,,,,,,,,,
1 person,7,2,,,,,,,,,,
2 people,31,30,,,,,,,,,,
3 people,30,35,,,,,,,,,,
4 people,18,17,,,,,,,,,,
5 people,8,13,,,,,,,,,,
6 people,6,3,,,,,,,,,,
data end,,,,,,,,,,,,
unit,percent,,,,,,,,,,,
,,,,,,,,,,,,
ID,103,,,_____,,,,,,,,
title, the transport means and purposes for people to choose them,,,,,,,,,,,
Dimension,3,5,,_______ ____ _____,,,,______________data begin___data end __,,,,
data begin,,,,,,,,,,,,
,work,shopping,social/ leisure,other,total,,,,,,,
car/taxi,148,201,187,122,658,,,,,,,
bike/motorcycle,8,2,6,2,18,,,,,,,
public transport(bus/rail),17,19,16,17,69,,,,,,,
data end,,,,,,,,,,,,
unit,people,,,,,,,,,,,
,,,,,,,,,,,,
ID,104,,,____#______ _____img_110_0 png__10 ,,,,,,,,
title,the types of houses,,,,,,,,,,,
Dimension,4,4,1,_______ ____ _____,,,,______________data begin___data end __,,,,
data begin,,,,,,,,,,,,
,1999,2000,2001,2002,,,,,,,,
Detached  houses,2400,2500,2450,2600,,,,,,,,
Semi-detached houses,1300,1400,1400,1100,,,,,,,,
Terraced houses,1625,1700,1625,1600,,,,,,,,
Flat,1100,1230,1300,1600,,,,,,,,
data end,,,,,,,,,,,,
unit,house,,,,,,,,,,,
,,,,,,,,,,,,
ID,105,,,,,,,,,,,
title,First Degree Graduates from Different UK Countries in Employment in 2001,,,,,,,,,,,
Dimension,4,4,,,,,,,,,,
data begin,,,,,,,,,,,,
,Permanent employment,"Temporaryemployment",Overseas employment,"Totalemployment",,,,,,,,
Scotland,43 6,20 2,2 3,66 4,,,,,,,,
England,33,23,2 3,62 8,,,,,,,,
Wales,30,12 4,2 9,63,,,,,,,,
Northern Ireland,20,8 6,5,56,,,,,,,,
data end,,,,,,,,,,,,
unit,percent,,,,,,,,,,,
,,,,,,,,,,,,
ID,106,,,,,,,,,,,
title,transport way,,,,,,,,,,,
Dimension,5,4,,,,,,,,,,
data begin,,,,,,,,,,,,
,air,coach,car,ferry,,,,,,,,
British,37,17,61,39,,,,,,,,
Germany,28,18,48,47,,,,,,,,
Japanese,60,60,28,7,,,,,,,,
Korean,27,38,39,3,,,,,,,,
Australian,27,7,50,8,,,,,,,,
data end,,,,,,,,,,,,
unit,percent,,,,,,,,,,,
,,,,,,,,,,,,
ID,107,,,,,,,,,,,
title,the prices of two television  types and the income of people in Japanese 1953-1973,,,,,,,,,,,
Dimension,3,3,1,,,,,,,,,
data begin,,,,,,,,,,,,
,1953,1963,1973,,,,,,,,,
Black and white TV,100,60,30,,,,,,,,,
Color TV,180,105,80,,,,,,,,,
Monthly salary,30,80,180,,,,,,,,,
data end,,,,,,,,,,,,
unit,thousand Yen,,,,,,,,,,,
,,,,,,,,,,,,
ID,108,,,,,,,,,,,
title,the  difference  in  the  participation  of  boys  and  girls  in  different  extra-curriculum activities,,,,,,,,,,,
Dimension,5,2,,,,,,,,,,
data begin,,,,,,,,,,,,
,Boys,Girls,,,,,,,,,,
Drama,3,4,,,,,,,,,,
Dancing,2,27,,,,,,,,,,
Singing,5,8,,,,,,,,,,
MT,17,15,,,,,,,,,,
Sports,68,57,,,,,,,,,,
data end,,,,,,,,,,,,
unit,percent,,,,,,,,,,,
,,,,,,,,,,,,
ID,109,,,,,,,,,,,
title,the average salary in five different sectors in a particular European nation in 2009,,,,,,,,,,,
Dimension,5,3,,,,,,,,,,
data begin,,,,,,,,,,,,
,maximum,minimum,average,,,,,,,,,
Finance,7450,1334,2560,,,,,,,,,
Transport,5480,843,1704,,,,,,,,,
Construction,3408,817,1635,,,,,,,,,
Manufacturing,3147,964,2098,,,,,,,,,
Hotels,2098,886,1256,,,,,,,,,
data end,,,,,,,,,,,,
unit,�,,,,,,,,,,,
,,,,,,,,,,,,
ID,110,,,,,,,,,,,
title,Pecentage of respondents expressing interest in certain sports,,,,,,,,,,,
Dimension,6,3,1,,,,,,,,,
data begin,,,,,,,,,,,,
,1999,2004,2009,,,,,,,,,
Football,54,52,48,,,,,,,,,
Cycling,32,28,30,,,,,,,,,
Tennis,24,23,23,,,,,,,,,
swimming,10,12,10,,,,,,,,,
Volleyball,8,10,13,,,,,,,,,
Rugby,8,13,17,,,,,,,,,
data end,,,,,,,,,,,,
unit,percent,,,,,,,,,,,
,,,,,,,,,,,,
ID,111,,,,,,,,,,,
title,Fish and Meat consumption,,,,,,,,,,,
Dimension,4,5,1,,,,,,,,,
data begin,,,,,,,,,,,,
,1979,1984,1989,1994,1999,,,,,,,
Fish,60,48,48,45,40,,,,,,,
Lamb,150,120,100,75,70,,,,,,,
Beef,220,225,200,175,140,,,,,,,
Chicken,140,160,190,220,240,,,,,,,
data end,,,,,,,,,,,,
unit,grams,,,,,,,,,,,
,,,,,,,,,,,,
ID,112,,,,,,,,,,,
title,Rates of smoking in Someland-men and women 1960-2000,,,,,,,,,,,
Dimension,2,9,1,,,,,,,,,
data begin,,,,,,,,,,,,
,1960,1965,1970,1975,1980,1985,1990,1995,2000,,,
men,600,580,570,500,480,400,390,290,250,,,
women,90,190,195,305,305,300,290,210,200,,,
data end,,,,,,,,,,,,
unit,people/ 1000 people,,,,,,,,,,,
,,,,,,,,,,,,
ID,113,,,,,,,,,,,
title,Unemployment rate in US and Japan,,,,,,,,,,,
Dimension,2,7,1,,,,,,,,,
data begin,,,,,,,,,,,,
,1993,1994,1995,1996,1997,1998,1999,,,,,
US,7,6.5,5.5,5.5,4.9,4.6,4.2,,,,,
Japan,2.3,2.8,3.1,3.3,3.3,3.5,4.5,,,,,
data end,,,,,,,,,,,,
unit,percent,,,,,,,,,,,
,,,,,,,,,,,,
ID,114,,,,,,,,,,,
title, Dubai Gold Sales 2002,,,,,,,,,,,
Dimension,1,12,1,,,,,,,,,
date begin,,,,,,,,,,,,
,Jan,Feb,Mar,Apr,May,Jun,Jul,Aug,Sep,Oct,Nov,Dec
sales volume,200,225,350,250,200,155,120,205,115,180,180,190
data end,,,,,,,,,,,,
unit,Millions of Dirhams,,,,,,,,,,,
,,,,,,,,,,,,
ID,115,,,,,,,,,,,
title,Acid level in month from consumption of sugar/honey,,,,,,,,,,,
Dimension,3,9,1,,,,,,,,,
date begin,,,,,,,,,,,,
,0 minutes,5 minutes,10 minutes,15 minutes,20 minutes,25 minutes ,30 minutes,35 minutes,40 minutes,,,
Fruit sugar,7,4.2,5,5.3,5.5,6,6.5,7,7,,,
Cane sugar,7,3.5,3.8,4.5,4.6,4.8,5.2,6,7,,,
Honey,7,4.8,4.8,5.7,6.5,7,7,7,7,,,
data end,,,,,,,,,,,,
unit,,,,,,,,,,,,
,,,,,,,,,,,,
ID,116,,,_____,116,,,,,,,
title,proportion of population aged 65 years and over ,,,,,,,,,,,
Dimension,3,6,1,,,,,,,,,
data begin,,,,,,,,,,,,
,1940,1960,1980,2000,2020,2040,,,,,,
USA,9,10,15,14,15,23,,,,,,
Sweden,7,9,14,16,19,25,,,,,,
Japan,5,3,3,5,8,27,,,,,,
data end,,,,,,,,,,,,
unit,percent,,,,,,,,,,,
,,,,,,,,,,,,
ID,117,,,_____,117,,,,,,,
title,Goods transported in UK (1974-2002),,,,,,,,,,,
Dimension,4,8,1,,,,,,,,,
data begin,,,,,,,,,,,,
,1974,1978,1982,1986,1990,1994,1998,2002,,,,
road,70,75,70,75,80,80,95,98,,,,
water,38,40,57,59,59,58,56,67,,,,
rail,40,39,33,34,36,30,38,43,,,,
pipeline,4,8,16,17,18,20,22,22,,,,
data end,,,,,,,,,,,,
unit,million tones,,,,,,,,,,,
,,,,,,,,,,,,
ID,118,,,_____,118,,,,,,,
title,number of visitors per month in summer 2013,,,,,,,,,,,
Dimension,3,4,1,,,,,,,,,
data begin,,,,,,,,,,,,
,june,july ,august,september,,,,,,,,
British ,600,750,500,650,,,,,,,,
Science ,400,360,300,450,,,,,,,,
Natural History,550,380,380,480,,,,,,,,
data end,,,,,,,,,,,,
unit,thousand,,,,,,,,,,,
,,,,,,,,,,,,
ID,119,,,_____,119,,,,,,,
title,Wheat Exports from 1985 to 1990 ,,,,,,,,,,,
Dimension,3,6,1,,,,,,,,,
data begin,,,,,,,,,,,,
,1985,1986,1987,1988,1989,1990,,,,,,
Australia,15,16,14,12,11,11,,,,,,
Canada,19,17,21,25,14,19,,,,,,
European Community,17,14,15,15,19,21,,,,,,
data end,,,,,,,,,,,,
unit,million of tones,,,,,,,,,,,
,,,,,,,,,,,,
ID,121,,,_____,121,,,,,,,
title,Cinema attendance in the United Kingdom,,,,,,,,,,,
Dimension,4,5,1,,,,,,,,,
data begin,,,,,,,,,,,,
,1990,1995,2000,2005,2010,,,,,,,
age 14-24,15,17,14,20,22,,,,,,,
age 24-34,24,27,23,33,33,,,,,,,
age 34-44,36,37,33,43,44,,,,,,,
age 44-54,38,40,37,48,52,,,,,,,
data end,,,,,,,,,,,,
unit,percent of age group,,,,,,,,,,,
,,,,,,,,,,,,
ID,122,,,_____,122,,,,,,,
title,International Tourists Arrival in Millions,,,,,,,,,,,
Dimension,5,4,1,,,,,,,,,
data begin,,,,,,,,,,,,
,1995,2000,2005,2010,,,,,,,,
USA,72,86,92,90,,,,,,,,
France,31,63,70,90,,,,,,,,
Malaysia,22,28,35,49,,,,,,,,
Brazil,8,10,15,18,,,,,,,,
Egypt,7,12,17,20,,,,,,,,
data end,,,,,,,,,,,,
unit,millions,,,,,,,,,,,
,,,,,,,,,,,,
ID,124,,,_____,124,,,,,,,
title,Airport  visitors 2007-2012,,,,,,,,,,,
Dimension,3,6,1,,,,,,,,,
data begin,,,,,,,,,,,,
,2007,2008,2009,2010,2011,2012,,,,,,
Busseldorf ,27 2,36 4,48 2,37 1,33 2,45 6,,,,,,
Frankfurt,36 5,41 9,44 4,47 3,51 1,69 3,,,,,,
Berlin Tegel,17 3,26 6,39 9,43 3,43 3,43 3,,,,,,
data end,,,,,,,,,,,,
unit,million of travelers per year,,,,,,,,,,,
,,,,,,,,,,,,
ID,125,,,_____,125,,,,,,,
title,internet Activities by Age Group,,,,,,,,,,,
Dimension,6,7,1,,,,,,,,,
data begin,,,,,,,,,,,,
,Teens,20s,30s,40s,50s,60s,70+,,,,,
Get News,76,73,76,75,71,74,70,,,,,
Online News,81,54,37,29,25,25,32,,,,,
Downloads,52,46,27,15,13,8,6,,,,,
Product research,0,79,80,83,79,74,70,,,,,
Buying a product,43,68,69,68,67,65,41,,,,,
Searching for people,5,31,23,23,24,28,65,,,,,
data end,,,,,,,,,,,,
unit,percent,,,,,,,,,,,
,,,,,,,,,,,,
ID,127,,,_____,,,,,,,,
title,percentage of national consumer expenditure by category -2002,,,,,,,,,,,
Dimension,5,3,,_______ ____ _____,,,,______________data begin___data end __,,,,
data begin,,,,,,,,,,,,
,food/drink/tobacco,clothing/footwear,leisure/education,,,,,,,,,
Ireland,28.91,6.43,2.21,,,,,,,,,
Italy,16.36,9,3.2,,,,,,,,,
Spain,18.8,6.51,1.98,,,,,,,,,
Sweden,15.77,5.4,3.2,,,,,,,,,
Turkey,32.14,6.63,4.35,,,,,,,,,
data end,,,,,,,,,,,,
unit,percent,,,,,,,,,,,
,,,,,,,,,,,,
ID,128,,,____#______ _____img_110_0 png__10 ,,,,,,,,
title,Number of children ever born Women aged 40-44years,,,,,,,,,,,
Dimension,4,5,1,_______ ____ _____,,,,______________data begin___data end __,,,,
data begin,,,,,,,,,,,,
,  None ,One child,Two children,Three children,Four or more children,,,,,,,
2006,15.9,13.2,38.3,21.5,11.00,,,,,,,
1996,12.8,11.3,38.2,24.6,13.1,,,,,,,
1986,9.7,8.7,35.6,27.00,18.9,,,,,,,
1981,8.5,7.6,29.00,27.6,27.6,,,,,,,
data end,,,,,,,,,,,,
unit,percent,,,,,,,,,,,
,,,,,,,,,,,,
ID,130,,,____#______ _____img_110_0 png__10 ,,,,,,,,
title,Average distance in miles travelled per person per year,,,,,,,,,,,
Dimension,9,2,1,_______ ____ _____,,,,______________data begin___data end __,,,,
data begin,,,,,,,,,,,,
,1985,2000,,,,,,,,,,
Walking,255,237,,,,,,,,,,
Bicycle,51,41,,,,,,,,,,
Car,3199,4806,,,,,,,,,,
Local bus,429,274,,,,,,,,,,
Local distance bus,54,124,,,,,,,,,,
Train,239,366,,,,,,,,,,
Taxi,13,42,,,,,,,,,,
Other,450,585,,,,,,,,,,
All modes,4740,6475,,,,,,,,,,
data end,,,,,,,,,,,,
unit,mile,,,,,,,,,,,
,,,,,,,,,,,,
,,,,,,,,,,,,
ID,131,,,____#______ _____img_110_0 png__10 ,,,,,,,,
title,the monthly expenses of an average family of Australia for the years 1991 and 2001,,,,,,,,,,,
Dimension,7,2,1,_______ ____ _____,,,,______________data begin___data end __,,,,
data begin,,2,,,,,,,,,,
,1991,2001,,,,,,,,,,
food,155,160,,,,,,,,,,
electricity and water,75,120,,,,,,,,,,
clothing,30,20,,,,,,,,,,
housing,95,100,,,,,,,,,,
transport,70,45,,,,,,,,,,
other goods and services,250,270,,,,,,,,,,
total,675,715,,,,,,,,,,
data end,,,,,,,,,,,,
unit,Australian dollar per month,,,,,,,,,,,
,,,,,,,,,,,,
ID,136,,,____#______ _____img_110_0 png__10 ,,,,,,,,
title,sales of a downtown small restaurant of a typical October week ,,,,,,,,,,,
Dimension,2,7,,_______ ____ _____,,,,______________data begin___data end __,,,,
data begin,,,,,,,,,,,,
,Mon ,Tues ,Wed ,Thus ,Fri ,Sat ,Sun ,,,,,
Lunch,2400, 2450, 2595, 2375, 2500, 1950, 1550,,,,,
Dinner,3623, 3850, 3445, 3800, 4350, 2900, 2450 ,,,,,
data end,,,,,,,,,,,,
unit,dollar,,,,,,,,,,,
,,,,,,,,,,,,
ID,137,,,____#______ _____img_110_0 png__10 ,,,,,,,,
title,Worldwide mobile phone sales in 2005&2006,,,,,,,,,,,
Dimension,8,2,1,_______ ____ _____,,,,______________data begin___data end __,,,,
data begin,,,,,,,,,,,,
,2005,2006,,,,,,,,,,
Nokia,32.5,35,,,,,,,,,,
Motorola,17.7,21.1,,,,,,,,,,
Samsung,12.7,11.8,,,,,,,,,,
Sonu Ericsson,6.3,7.4,,,,,,,,,,
L G,6.7,6.3,,,,,,,,,,
BenQ Mobile,4.9,2.4,,,,,,,,,,
Others,19.2,16.2,,,,,,,,,,
Total,100,100,,,,,,,,,,
data end,,,,,,,,,,,,
unit,percent share of market,,,,,,,,,,,
,,,,,,,,,,,,
ID,138,,,____#______ _____img_110_0 png__10 ,,,,,,,,
title,Hours of leisure time per year in some land,,,,,,,,,,,
Dimension,6,7,1,_______ ____ _____,,,,______________data begin___data end __,,,,
data begin,,,,,,,,,,,,
,Teens,20s ,30s,40s,50s,60s,70s,,,,,
watching TV/videos,1200,700,400,500,600,700,1100,,,,,
socialising with 4 or less people,150,150,300,250,250,200,200,,,,,
socialising with 4 or more people,350,350,50,50,25,25,25,,,,,
individual exercise,150,100,200,200,50,75,150,,,,,
Group exercise/sport,450,350,200,150,50,0,0,,,,,
Cinema,100,75,50,25,25,50,75,,,,,
data end,,,,,,,,,,,,
unit,hours,,,,,,,,,,,
,,,,,,,,,,,,
,,,,,,,,,,,,
ID,139,,,____#______ _____img_110_0 png__10 ,,,,,,,,
title,the top ten medal earning country in the London olympic Games ,,,,,,,,,,,
Dimension,10,4,,_______ ____ _____,,,,______________data begin___data end __,,,,
data begin,,,,,,,,,,,,
,Gold,Silver,Bronze,Total,,,,,,,,
United states,46,29,29,104,,,,,,,,
China,38,27,23,88,,,,,,,,
Great Britain,29,17,19,65,,,,,,,,
Russia,24,26,32,82,,,,,,,,
South Korea,13,8,7,28,,,,,,,,
Germany,11,19,14,44,,,,,,,,
France,11,11,12,34,,,,,,,,
Italy,8,9,11,28,,,,,,,,
Hungary,8,4,5,17,,,,,,,,
Australia,7,16,12,35,,,,,,,,
data end,,,,,,,,,,,,
unit,amount,,,,,,,,,,,
,,,,,,,,,,,,
ID,141,,,____#______ _____img_110_0 png__10 ,,,,,,,,
title, waste disposal methods used in Toronto  Madrid  Kuala Lumpur and Amman ,,,,,,,,,,,
Dimension,4,4,,_______ ____ _____,,,,______________data begin___data end __,,,,
data begin,,,,,,,,,,,,
,Toronto,Madrid,Kuala Lumpur,Amman,,,,,,,,
Landfill,74,29,17,49,,,,,,,,
Incineration,11,40,55,39,,,,,,,,
Recyling,8,23,22,11,,,,,,,,
Compositing,7,9,8,2,,,,,,,,
data end,,,,,,,,,,,,
unit,percent,,,,,,,,,,,
,,,,,,,,,,,,
ID,142,,,____#______ _____img_110_0 png__10 ,,,,,,,,
title,the children�s leisure activities in Australia,,,,,,,,,,,
Dimension,2,5,,_______ ____ _____,,,,______________data begin___data end __,,,,
data begin,,,,,,,,,,,,
,skateboarding or rollerblading,bike riding,watching TV or videos,electronic or computer games,art and craft,,,,,,,
boys age 5-14,29,68,100,81,28,,,,,,,
girls age 5-14,22,49,100,60,49,,,,,,,
data end,,,,,,,,,,,,
unit,percent,,,,,,,,,,,
,,,,,,,,,,,,
ID,143,,,____#______ _____img_110_0 png__10 ,,,,,,,,
title,GDP growth,,,,,,,,,,,
Dimension,3,4,1,_______ ____ _____,,,,______________data begin___data end __,,,,
data begin,,,,,,,,,,,,
,2007,2008,2009,2010,,,,,,,,
Tunisia,6.3,4.5,3.2,3.00,,,,,,,,
Japan,2.00,4.2,5.3,6.5,,,,,,,,
Ecuador,3 2,4.9,1.3,2.2,,,,,,,,
data end,,,,,,,,,,,,
unit,percent,,,,,,,,,,,
,,,,,,,,,,,,
ID,144,,,____#______ _____img_110_0 png__10 ,,,,,,,,
title,How sales have changed(global sales in $billions),,,,,,,,,,,
Dimension,3,4,1,_______ ____ _____,,,,______________data begin___data end __,,,,
data begin,,,,,,,,,,,,
,2000,2001,2002,2003,,,,,,,,
games software,13,15,17,18,,,,,,,,
DVD/Video,17,21,26,31,,,,,,,,
CDs,35,33,32,32,,,,,,,,
data end,,,,,,,,,,,,
unit,billion,,,,,,,,,,,
,,,,,,,,,,,,
ID,145,,,____#______ _____img_110_0 png__10 ,,,,,,,,
title,who uses the internet,,,,,,,,,,,
Dimension,4,3,1,_______ ____ _____,,,,______________data begin___data end __,,,,
data begin,,,,,,,,,,,,
,1998,1999,2000,,,,,,,,,
less than 15,2,8,9,,,,,,,,,
16-30 years,53,45,44,,,,,,,,,
31-50 years,41,39,37,,,,,,,,,
50 or more,4,8,10,,,,,,,,,
data end,,,,,,,,,,,,
unit,percent,,,,,,,,,,,
,,,,,,,,,,,,
ID,146,,,____#______ _____img_110_0 png__10 ,,,,,,,,
title,fertility rate(Births per woman)Gulf counties 1990-2000,,,,,,,,,,,
Dimension,5,2,1,_______ ____ _____,,,,______________data begin___data end __,,,,
data begin,,,,,,,,,,,,
,1990,2000,,,,,,,,,,
Bahrain,3.5,2.5,,,,,,,,,,
Kuwait,3.5,2.8,,,,,,,,,,
Qatar,4.2,3.5,,,,,,,,,,
Arabia,7.00,5.5,,,,,,,,,,
UAE,4.1,2.9,,,,,,,,,,
data end,,,,,,,,,,,,
unit,percent,,,,,,,,,,,
,,,,,,,,,,,,
ID,147,,,____#______ _____img_110_0 png__10 ,,,,,,,,
title,The number of houses built per year in Derby & Nottingham,,,,,,,,,,,
Dimension,2,10,1,_______ ____ _____,,,,______________data begin___data end __,,,,
data begin,2,10,,,,,,,,,,
,2000,2001,2002,2003,2004,2005,2006,2007,2008,2009,,
Derby,40,45,80,120,120,120,120,120,280,390,,
Nottingham,50,60,20,50,60,80,10,190,20,250,,
data end,,,,,,,,,,,,
unit,house,,,,,,,,,,,
,,,,,,,,,,,,
ID,148,,,____#______ _____img_110_0 png__10 ,,,,,,,,
title,Mode of transport and years,,,,,,,,,,,
Dimension,3,4,0,_______ ____ _____,,,,______________data begin___data end __,,,,
data begin,,,,,,,,,,,,
,train,car,tube,bus,,,,,,,,
1960,18.00,7.00,28.00,39.00,,,,,,,,
1980,27.00,28.00,22.00,27.00,,,,,,,,
2000,22.00,38.00,25.00,15.00,,,,,,,,
data end,,,,,,,,,,,,
unit,percent,,,,,,,,,,,
,,,,,,,,,,,,
ID,149,,,____#______ _____img_110_0 png__10 ,,,,,,,,
title,leisure time in a typical week: by sex and employment status  1998-1999,,,,,,,,,,,
Dimension,2,5,,_______ ____ _____,,,,______________data begin___data end __,,,,
data begin,,,,,,,,,,,,
,employed (full time),employed (part time),unemployed,retires,housewives,,,,,,,
male,42,0,85,83,0,,,,,,,
female,38,40,79,79,50,,,,,,,
data end,,,,,,,,,,,,
unit,hour,,,,,,,,,,,
,,,,,,,,,,,,
ID,151,,,_____,151,,,,,,,
title,Amount Spent on different Consumer Goods,,,,,,,,,,,
Dimension,4,6,,,,,,______________data begin___data end __,,,,
data begin,,,,,,,,,,,,
,console games ,outdoor game accessories,cosmetics,books,toys,cameras,,,,,,
Belguim,147,150,146,144,147,145,,,,,,
Spain,150,154,154,154,157,156,,,,,,
Austria,145,141,144,158,158,166,,,,,,
Britain,151,152,160,162,167,170,,,,,,
data end,,,,,,,,,,,,
unit,thousand pounds string,,,,,,,,,,,
,,,,,,,,,,,,
ID,152,,,_____,152,,,,,,,
title,International Graduates  Canadian Universities  2001 &2006,,,,,,,,,,,
Dimension,2,8,0,_______ ____ _____,,,,______________data begin___data end __,,,,
data begin,,,,,,,,,,,,
,New Brunswick,Nova Scotia,Quebec,Alberta,British Columbia,Manitoba,Newfoundland and Labrador,Ontario,,,,
2001,7,5.5,5,4.5,4,4.2,3.8,3,,,,
2006,11.5,10.5,7.5,7,10.5,6.7,6.8,5.8,,,,
data end,,,,,,,,,,,,
unit,percent,,,,,,,,,,,
,,,,,,,,,,,,
ID,153,,,_____,153,,,,,,,
title,,,,,,,,,,,,
Dimension,2,8,0,_______ ____ _____,,,,______________data begin___data end __,,,,
data begin,,,,,,,,,,,,
,Accommodation,Food  bills  household goods,Essential travel,None-essential travel,Children,Course expenditure,Entertainment,Other(1),,,,
1996,24,20,3.5,4,1,10,26,12,,,,
1999,20,18,6,2.5,0,7,31,16,,,,
data end,,,,,,,,,,,,
unit,percent,,,,,,,,,,,
,,,,,,,,,,,,
ID,154,,,_____,154,,,,,,,
title,Estimated world illiteracy rates  by region and by gender  2000,,,,,,,,,,,
Dimension,2,6,,_______ ____ _____,,,,______________data begin___data end __,,,,
data begin,,,,,,,,,,,,
,Developed Counttries,Latin America/Caribbean,East Asia/Oceania*,Sub-Saharan Africa,Arab States,South Asia,,,,,,
Male,1,10,8,30.5,29,33,,,,,,
Female,2,12,20,48,53,56,,,,,,
data end,,,,,,,,,,,,
unit,percent,,,,,,,,,,,
,,,,,,,,,,,,
ID,155,,,____#______ _____img_110_0 png__10 ,,,,,,,,
title,The Number of Museum Visitors from 2007 to 2012,,,,,,,,,,,
Dimension,3,6,1,,,,,______________data begin___data end __,,,,
data begin,,,,,,,,,,,,
,2007,2008,2009,2010,2011,2012,,,,,,
National Gallery,6 25,8,8 5,11,11,16,,,,,,
Vitoria and Albert  Museum,13 5,13 5,8 5,6 5,8,10,,,,,,
British Museum,12,6,6,7,12,14,,,,,,
data end,,,,,,,,,,,,
unit,millions,,,,,,,,,,,
,,,,,,,,,,,,
ID,156,,,____#______ _____img_110_0 png__10 ,,,,,,,,
title,,,,,,,,,,,,
Dimension,2,3,1,,,,,______________data begin___data end __,,,,
data begin,,,,,,,,,,,,
,Without Children,With 1-2 Children,With 3+ Children,,,,,,,,,
Married Woman,30,51,58,,,,,,,,,
Married Men,19,19,18,,,,,,,,,
data end,,,,,,,,,,,,
unit,hour,,,,,,,,,,,
,,,,,,,,,,,,
ID,157,,,____#______ _____img_110_0 png__10 ,,,,,,,,
title,Percentage Participation of men in senior development position,,,,,,,,,,,
Dimension,3,6,1,,,,,,,,,
data begin,,,,,,,,,,,,
,1980,1985,1990,1995,2000,2010,,,,,,
IBM,2,2,13,26,32,62,,,,,,
Microsoft,8,10,11,13,16,45,,,,,,
Apple,15,13,14,21,19,25,,,,,,
data end,,,,,,,,,,,,
unit,percent,,,,,,,,,,,
,,,,,,,,,,,,
ID,158,,,____#______ _____img_110_0 png__10 ,,,,,,,,
title,,,,,,,,,,,,
Dimension,5,6,1,,,,,,,,,
data begin,,,,,,,,,,,,
,1930,1940,1950,1960,1970,1980,,,,,,
Great Britain,30,30,40,50,66,85,,,,,,
Australia,70,50,45,60,66,50,,,,,,
New Zealand,100,55,50,65,66,88,,,,,,
United States,100,130,105,118,95,135,,,,,,
Canada,120,110,115,100,85,90,,,,,,
data end,,,,,,,,,,,,
unit,thousand,,,,,,,,,,,
,,,,,,,,,,,,
ID,159,,,____#______ _____img_110_0 png__10 ,,,,,,,,
title,Percentage of Population aged 65 and over,,,,,,,,,,,
Dimension,2,5,0,,,,,,,,,
data begin,,,,,,,,,,,,
,England ,Wales,Scotland,Northern Ireland,UK,,,,,,,
1985,15,16,14,12,15,,,,,,,
2035,23,26,25,23,23,,,,,,,
data end,,,,,,,,,,,,
unit,percent,,,,,,,,,,,
,,,,,,,,,,,,
ID,160,,,____#______ _____img_110_0 png__10 ,,,,,,,,
title,Post-School Qualifications in Australia 1999,,,,,,,,,,,
Dimension,2,5,,,,,,,,,,
data begin,,,,,,,,,,,,
,Skilled Vocational Diploma,Undergraduate Diploma,Bachelor's Degree,Postgraduate Diploma,Masters Degree,,,,,,,
Female,10,70,50,30,40,,,,,,,
Male,90,35,45,70,60,,,,,,,
data end,,,,,,,,,,,,
unit,percent,,,,,,,,,,,
,,,,,,,,,,,,
ID,161,,,____#______ _____img_110_0 png__10 ,,,,,,,,
title,,,,,,,,,,,,
Dimension,2,6,,,,,,,,,,
data begin,,,,,,,,,,,,
,Linguistics,psychology,natural sciences,engineering,programming,mathematics,,,,,,
Female,110,175,200,90,75,40,,,,,,
Male,85,200,200,150,150,200,,,,,,
data end,,,,,,,,,,,,
unit,research student,,,,,,,,,,,
,,,,,,,,,,,,
ID,162,,,____#______ _____img_110_0 png__10 ,,,,,,,,
title,Woodward chocolate Bars,,,,,,,,,,,
Dimension,4,4,,,,,,,,,,
data begin,,,,,,,,,,,,
,Q1,Q2,Q3,Q4,,,,,,,,
Wuzzle Bar,19,19,40,20,,,,,,,,
Woody Bar,10,20,30,40,,,,,,,,
Wachi Bar,56,22,10,10,,,,,,,,
W,37,20,10,37,,,,,,,,
data end,,,,,,,,,,,,
unit,millions,,,,,,,,,,,
,,,,,,,,,,,,
ID,163,,,____#______ _____img_110_0 png__10 ,,,,,,,,
title,Housing preferences in the UK,,,,,,,,,,,
Dimension,3,4,,,,,,,,,,
data begin,,,,,,,,,,,,
,Flats,Terraced houses,Detached houses,Semi-detached houses,,,,,,,,
London,59,17,9,18,,,,,,,,
Oxford,29,19,25,28,,,,,,,,
Cambridge,20,18,35,28,,,,,,,,
data end,,,,,,,,,,,,
unit,percent,,,,,,,,,,,
,,,,,,,,,,,,
ID,164,,,____#______ _____img_110_0 png__10 ,,,,,,,,
title,Telephone Calls in Finland from 1995 to 2004 (by category),,,,,,,,,,,
Dimension,3,10,1,,,,,,,,,
data begin,,,,,,,,,,,,
,1995,1996,1997,1998,1999,2000,2001,2002,2003,2004,,
Local-landline,12000,13000,13900,14900,16000,17000,17900,16900,13900,12000,,
National and international-land line,6000,6900,7000,7500,8000,8100,9000,9900,10100,10200,,
Mobile phone calling,200,1000,2000,2200,2300,3500,5500,7500,8200,9800,,
data end,,,,,,,,,,,,
unit,millions,,,,,,,,,,,
,,,,,,,,,,,,
ID,165,,,____#______ _____img_110_0 png__10 ,,,,,,,,
title,Percentage of Population in Urban areas,,,,,,,,,,,
Dimension,3,6,0,,,,,,,,,
data begin,,,,,,,,,,,,
,World,Africa,Asia,Europe,Latin America,North America,,,,,,
1950,29,15,17,51,42,64,,,,,,
2007,49,37,41,72,76,79,,,,,,
2030,60,51,54,78,84,87,,,,,,
data end,,,,,,,,,,,,
unit,percent,,,,,,,,,,,
,,,,,,,,,,,,
ID,166,,,_____,166,,,,,,,
title,UK telephone calls by category 1995-2002,,,,,,,,,,,
Dimension,3,8,1,,,,,,,,,
data begin,,,,,,,,,,,,
,1995,1996,1997,1998,1999,2000,2001,2002,,,,
Local,72,79,86,89,90,86,79,73,,,,
National and international ,38,41,46,48,50,57,60,62,,,,
Mobile ,4,6,8,9,12,24,39,45,,,,
data end,,,,,,,,,,,,
unit,millions,,,,,,,,,,,
,,,,,,,,,,,,
ID,167,,,_____,167,,,,,,,
title,,,,,,,,,,,,
Dimension,4,3,1,,,,,,,,,
data begin,,,,,,,,,,,,
,1960,1980,2000,,,,,,,,,
bus,19,27,17,,,,,,,,,
car,7,25,38,,,,,,,,,
bike,28,23,8,,,,,,,,,
foot,35,18,10,,,,,,,,,
data end,,,,,,,,,,,,
unit,percent of total travellers,,,,,,,,,,,
,,,,,,,,,,,,
ID,168,,,_____,168,,,,,,,
title,,,,,,,,,,,,
Dimension,3,5,1,,,,,,,,,
data begin,,,,,,,,,,,,
,1994,1995,1996,1997,1998,,,,,,,
Western Europe,19000,18000,22000,23500,24500,,,,,,,
North America,1000,800,1200,2000,2500,,,,,,,
Other Areas,2000,2000,2300,2500,3000,,,,,,,
data end,,,,,,,,,,,,
unit,people,,,,,,,,,,,
,,,,,,,,,,,,
ID,169,,,_____,169,,,,,,,
title,Heart Attacks per year USA,,,,,,,,,,,
Dimension,2,3,1,,,,,,,,,
data begin,,,,,,,,,,,,
,29-44,45-64,65+,,,,,,,,,
Men,123,424,440,,,,,,,,,
Women,3,136,374,,,,,,,,,
data end,,,,,,,,,,,,
unit,thousands,,,,,,,,,,,
,,,,,,,,,,,,
ID,170,,,_____,170,,,,,,,
title,Factors affecting work performance,,,,,,,,,,,
Dimension,8,2,1,,,,,,,,,
data begin,,,,,,,,,,,,
,18-30,45-60,,,,,,,,money,,
team spirit,58,58,,,,,,,,,,
chance for personal development,80,40,,,,,,,,,,
relaxed working environment,84,30,,,,,,,,,,
respectfrom colleagues,40,48,,,,,,,,,,
promotion  prospects,82,50,,,,,,,,,,
job satisfaction,52,50,,,,,,,,,,
work environment,30,30,,,,,,,,,,
money,73,70,,,,,,,,,,
data end,,,,,,,,,,,,
unit,percent,,,,,,,,,,,
,,,,,,,,,,,,
ID,171,,,_____,171,,,,,,,
title,integration Challenges () age Group,,,,,,,,,,,
Dimension,3,3,1,,,,,,,,,
data begin,,,,,,,,,,,,
,18-34,35-54,over 55,,,,,,,,,
learning the local language,29,35,54,,,,,,,,,
Finding somewhere to live,40,39,22,,,,,,,,,
Making friends,46,36,23,,,,,,,,,
data end,,,,,,,,,,,,
unit,percent,,,,,,,,,,,
,,,,,,,,,,,,
ID,172,,,_____,172,,,,,,,
title,Division of household tasks:by gender Great Britain,,,,,,,,,,,
Dimension,6,2,,,,,,,,,,
data begin,,,,,,,,,,,,
,males,females,,,,,,,,,,
cooking baking washing up,30,74,,,,,,,,,,
cleaning house tidying,13,58,,,,,,,,,,
Gardening petcare,49 5,21,,,,,,,,,,
care of own children and play,20,45,,,,,,,,,,
maintenance odd jobs,26,9.5,,,,,,,,,,
clothes washing ironing sewing,2,25,,,,,,,,,,
data end,,,,,,,,,,,,
unit,minutes,,,,,,,,,,,
,,,,,,,,,,,,
ID,173,,,_____,173,,,,,,,
title,mobile Phones and Land Lines per 100 people,,,,,,,,,,,
Dimension,2,6,,,,,,,,,,
data begin,,,,,,,,,,,,
,canada,us,Germany,Denmark,UK,Sweden,,,,,,
Mobile ,38,48,70 5,82,86,88,,,,,,
land Lines,63,68,60,88,58,68,,,,,,
data end,,,,,,,,,,,,
unit,number of phones /100 people,,,,,,,,,,,
,,,,,,,,,,,,
,,,,,,,,,,,,
ID,175,,,_____,175,,,,,,,
title,HCT Graduates by College,,,,,,,,,,,
Dimension,10,1,,,,,,,,,,
data begin,,,,,,,,,,,,
,student,,,,,,,,,,,
A/Ain Men's,131,,,,,,,,,,,
A/Ain Women's,218,,,,,,,,,,,
Abu Dhabi Men's,273,,,,,,,,,,,
Abu Dhabi Women's,293,,,,,,,,,,,
Dubsi Men's,426,,,,,,,,,,,
Dubsi Women's,547,,,,,,,,,,,
Ras A/Khaimah Men's,102,,,,,,,,,,,
Ras A/Khaimah Women's,178,,,,,,,,,,,
Sharjah Men's ,165,,,,,,,,,,,
Sharjah Women's ,186,,,,,,,,,,,
data end,,,,,,,,,,,,
unit,student,,,,,,,,,,,
,,,,,,,,,,,,
ID,176,,,_____,176,,,,,,,
title,Oil Production Capacity,,,,,,,,,,,
Dimension,5,4,1,,,,,,,,,
data begin,,,,,,,,,,,,
,1990,2000,2005,2010,,,,,,,,
Iran,3 3,3 9,4,4 2,,,,,,,,
Iraq,2 1,2 4,3,3 9,,,,,,,,
Kuwait,1 8,2 3,2 8,3 7,,,,,,,,
Qatar,0 4,0 8,0 6,0 8,,,,,,,,
Saudi Arabia,8 4,9 2,12 4,14 4,,,,,,,,
data end,,,,,,,,,,,,
unit,millions,,,,,,,,,,,
,,,,,,,,,,,,
ID,177,,,_____,177,,,,,,,
title,Estimated maximum population of Asian elephant,,,,,,,,,,,
Dimension,9,2,1,,,,,,,,,
data begin,,,,,,,,,,,,
,1997,2004,,,,,,,,,,
Vietnam,1250,1200,,,,,,,,,,
India,9900,7500,,,,,,,,,,
Malaysia,3000,1100,,,,,,,,,,
SirLanka,3000,2800,,,,,,,,,,
Cambodia,1400,1500,,,,,,,,,,
Laos,1200,1200,,,,,,,,,,
Myanmar,5300,4800,,,,,,,,,,
Thailand,3800,1300,,,,,,,,,,
China,1000,500,,,,,,,,,,
data end,,,,,,,,,,,,
unit,elephant,,,,,,,,,,,
,,,,,,,,,,,,
,,,,,,,,,,,,
